TEAM_ABBREVIATION,PTS,WL
CHA,110,W
HOU,132,W
BOS,113,W
POR,122,W
ORL,108,L
SAS,118,L
MEM,101,L
OKC,103,L
PHX,135,W
LAL,131,W
IND,121,L
DEN,128,W
SAC,110,L
ATL,117,L
LAC,115,W
GSW,110,L
MIL,106,L
UTA,107,L
DET,133,W
NOP,126,L
DAL,149,W
BKN,101,L
MIA,143,W
TOR,136,W
PHI,126,W
CLE,130,W
WAS,117,L
NYK,96,L
CHI,128,L
MIN,132,W
WAS,117,L
CLE,102,L
PHI,105,W
DAL,120,L
TOR,95,L
NOP,118,L
NYK,112,W
BOS,144,W
LAC,97,L
POR,116,W
CHI,103,L
GSW,118,L
IND,94,L
BKN,108,L
SAC,124,W
ATL,124,W
MIN,136,W
MIA,140,W
HOU,132,L
MIL,125,W
CHA,100,L
ORL,127,W
DEN,127,W
PHX,73,L
LAL,101,W
DET,118,W
SAS,139,W
UTA,147,W
MEM,101,L
OKC,107,L
TOR,128,W
GSW,103,L
CHI,119,W
LAL,119,W
BOS,106,L
NYK,112,W
WAS,108,L
HOU,113,W
IND,123,W
MIA,114,L
PHI,102,L
BKN,94,L
CLE,122,W
SAS,112,W
ATL,116,L
MIL,111,L
PHX,112,W
OKC,128,W
DAL,107,L
LAC,110,L
ORL,132,W
MIN,120,L
DET,137,W
MEM,119,L
DEN,136,W
POR,101,L
LAL,87,L
BKN,96,W
UTA,137,L
MIA,95,L
CHA,102,L
NOP,156,W
IND,104,L
OKC,123,W
SAC,105,L
BOS,113,W
MIL,90,L
TOR,121,W
HOU,119,W
WAS,98,L
CHI,129,W
MIN,124,W
PHX,105,L
GSW,110,W
DAL,103,L
LAC,116,W
POR,132,L
MEM,126,L
ORL,123,W
SAS,115,W
DEN,137,W
CLE,142,W
PHI,102,L
DET,107,L
NYK,108,W
ATL,105,L
OKC,146,W
LAL,128,L
BOS,115,W
NOP,108,L
TOR,101,L
SAC,109,L
ORL,112,W
CHI,110,L
HOU,117,W
MIL,131,W
BKN,121,W
CLE,117,W
GSW,116,L
DAL,134,W
WAS,115,L
MEM,115,L
UTA,111,L
PHX,120,W
CHA,122,W
IND,108,L
MIN,108,L
LAC,138,W
MIA,152,W
DEN,136,W
PHI,93,L
WAS,136,L
SAS,134,L
DET,116,W
NYK,136,W
NOP,113,L
DAL,127,L
BOS,133,W
PHI,115,W
SAC,117,W
ATL,141,W
MIN,103,L
BKN,107,L
IND,108,L
CHA,129,W
MEM,96,L
UTA,106,L
CHI,96,L
ORL,138,W
HOU,140,W
TOR,128,W
MIL,101,L
OKC,139,W
SAS,118,W
CLE,118,W
GSW,111,L
PHX,107,L
LAL,96,L
LAC,99,L
NOP,106,L
POR,118,W
DET,113,W
CHA,127,W
MIN,108,L
TOR,115,L
DEN,130,W
WAS,131,L
SAS,127,W
NYK,130,W
MIA,129,L
HOU,119,W
SAC,123,W
BOS,147,W
ORL,101,L
CHI,126,L
MIL,113,L
IND,145,W
PHI,153,W
MEM,119,L
GSW,113,L
UTA,117,L
ATL,130,W
LAL,127,W
CLE,113,L
MIL,123,W
HOU,111,W
POR,114,W
BKN,86,L
CHA,117,W
DAL,99,L
DET,127,W
PHX,111,L
LAC,104,L
ORL,115,W
TOR,116,L
NYK,94,L
WAS,101,L
SAS,129,W
PHX,131,W
BOS,102,L
CHI,114,L
LAL,120,W
MIA,119,W
MEM,105,L
CLE,122,W
DET,110,L
UTA,113,L
DAL,94,L
ATL,112,W
MIN,124,W
PHI,109,L
OKC,114,W
NOP,102,L
OKC,111,W
HOU,134,W
MIA,118,L
GSW,93,L
BOS,114,W
POR,123,W
LAC,127,W
TOR,139,W
NYK,100,L
WAS,88,L
DEN,116,W
ORL,87,L
MIL,113,L
CHA,99,L
IND,135,W
SAC,99,L
BKN,116,W
MEM,125,W
UTA,109,L
MIN,87,L
CHI,124,L
MIL,95,L
ATL,123,W
SAC,113,L
PHX,134,W
DET,109,W
PHI,118,W
CHA,114,L
SAS,127,W
CHI,113,L
HOU,119,W
DEN,135,W
LAL,116,W
NOP,106,L
DAL,100,W
WAS,126,L
MEM,109,L
LAC,114,W
BKN,99,L
OKC,131,W
MIA,128,L
CLE,149,W
GSW,131,W
IND,113,L
UTA,129,L
POR,93,L
TOR,119,W
BOS,109,W
ATL,102,L
DET,129,W
SAC,117,L
NYK,103,L
ORL,121,W
NOP,108,L
CHA,114,W
SAS,123,W
DET,129,L
LAL,137,W
OKC,109,L
CHI,137,L
CLE,103,L
POR,130,W
PHI,157,W
BKN,106,L
DAL,135,L
MIN,110,W
MEM,98,L
BOS,119,W
ATL,130,W
LAC,119,W
TOR,94,L
WAS,133,W
UTA,110,L
IND,130,L
HOU,108,L
MIA,120,W
MIL,99,L
DEN,142,W
GSW,109,W
NYK,121,W
SAC,90,L
PHX,123,L
DEN,125,W
CLE,136,W
CHA,134,W
NOP,116,L
ORL,131,L
HOU,124,L
MIL,96,L
SAS,136,W
GSW,137,W
BKN,99,L
POR,134,W
DET,113,W
ORL,126,L
IND,128,W
LAC,129,W
CHI,132,W
MIA,111,L
ATL,146,W
TOR,143,W
OKC,123,W
UTA,127,L
PHI,103,L
DAL,131,L
MEM,107,L
LAL,110,L
MIN,102,W
SAC,126,W
WAS,113,L
DEN,128,W
PHX,120,W
POR,112,L
BKN,122,L
TOR,98,L
NYK,145,W
BOS,92,L
OKC,132,W
LAC,138,W
ATL,126,W
UTA,116,L
CHA,124,W
HOU,123,W
WAS,111,L
PHI,126,W
DAL,131,L
LAL,105,W
PHX,105,L
SAS,134,W
MIA,122,L
MEM,101,L
ORL,104,L
GSW,110,L
IND,119,L
MIL,108,W
CLE,111,W
NOP,106,L
BKN,92,L
BOS,117,W
POR,108,W
MEM,112,L
MIN,104,L
GSW,101,L
ATL,95,L
DET,115,W
DEN,121,W
HOU,117,W
NYK,93,W
TOR,115,L
UTA,128,W
DET,117,W
MIL,96,L
SAC,118,L
PHX,100,L
MIA,126,L
ORL,111,L
LAL,134,W
PHI,139,W
CHA,130,W
WAS,95,L
NOP,105,W
CLE,115,W
CHI,110,L
LAC,99,L
SAS,101,W
CHI,109,L
OKC,121,W
HOU,116,L
MEM,125,W
UTA,111,L
MIN,147,W
DAL,120,L
TOR,139,W
LAC,109,L
IND,119,L
DEN,118,L
ATL,135,W
BOS,120,W
NOP,124,W
GSW,99,L
BKN,92,L
LAL,124,W
POR,127,W
MIA,106,L
DEN,124,W
DET,130,W
MIL,116,L
NYK,136,W
SAS,132,W
WAS,117,L
PHI,96,L
IND,110,L
ORL,108,L
OKC,113,W
SAC,104,L
PHX,104,L
CLE,123,W
CHA,136,W
MIN,116,W
WAS,117,L
ORL,112,L
LAC,115,L
NOP,129,W
GSW,125,W
DAL,111,L
HOU,92,L
LAL,100,W
BKN,95,L
BOS,120,W
MEM,107,L
SAS,119,W
POR,114,W
ATL,124,W
CHI,132,W
PHX,112,L
IND,123,L
NYK,110,W
POR,103,L
OKC,116,W
GSW,107,L
SAC,116,W
DAL,130,W
PHI,109,W
MIN,103,L
DET,108,L
TOR,119,W
UTA,111,L
MIL,134,W
CLE,120,L
ORL,121,W
ATL,122,W
SAC,118,W
LAL,127,W
BOS,111,W
SAS,115,W
MIA,117,L
WAS,100,L
PHI,104,W
DEN,125,L
MIL,99,L
BKN,97,L
LAC,109,L
CHA,102,L
IND,92,L
LAC,119,W
PHX,115,L
GSW,117,L
DET,126,W
DAL,105,L
NOP,105,L
MIN,127,W
UTA,114,L
NYK,101,W
MEM,110,L
TOR,122,W
POR,124,W
CHI,108,L
HOU,107,W
CLE,138,W
BOS,102,L
PHX,123,W
DAL,120,W
OKC,104,W
MIL,105,L
MIA,112,W
IND,108,L
ORL,136,W
SAS,131,L
PHI,109,L
ATL,108,W
CHI,130,L
BKN,97,L
WAS,131,L
DET,131,W
MEM,112,L
DEN,136,W
LAL,142,W
NYK,134,W
NOP,122,W
LAC,153,W
TOR,111,L
ORL,128,W
MIN,128,L
DEN,129,W
HOU,93,L
UTA,117,L
CHA,117,W
SAC,109,L
CLE,122,L
DAL,112,L
IND,109,L
MEM,129,L
POR,101,L
GSW,124,L
WAS,129,L
HOU,113,W
CHI,130,W
MIN,106,L
MIA,150,W
MIL,114,L
ATL,124,W
DET,138,W
PHI,139,W
BKN,100,L
PHX,129,W
SAC,114,W
TOR,99,L
BOS,116,L
SAS,125,W
CHA,103,W
LAL,120,W
MEM,115,L
CLE,115,W
OKC,129,W
GSW,116,L
PHI,101,L
NYK,118,L
UTA,119,W
LAC,126,W
DEN,126,L
BKN,126,W
POR,131,W
MIA,121,W
TOR,122,W
NYK,97,L
LAL,110,W
CLE,98,L
BOS,109,W
SAC,126,W
ORL,130,W
PHX,111,W
SAS,145,W
DAL,92,L
CHI,110,L
DET,110,L
WAS,118,L
CHA,99,L
HOU,120,L
MIL,91,L
NOP,138,W
IND,111,L
MIL,113,W
BKN,107,W
MEM,120,L
DET,105,L
GSW,97,L
ORL,119,W
MIN,92,L
UTA,99,L
PHI,116,L
ATL,125,W
LAC,123,W
OKC,104,W
BOS,120,W
LAC,112,L
SAS,116,W
CHA,120,L
LAL,128,W
NOP,116,L
DEN,103,L
DAL,100,L
MIA,128,W
NYK,142,W
IND,117,L
POR,99,L
HOU,106,W
PHX,118,W
HOU,113,L
LAL,113,L
PHX,103,L
MIA,126,W
SAS,121,W
GSW,115,W
BKN,110,L
UTA,122,W
CHI,105,W
MIN,115,W
ORL,115,W
SAC,123,L
DEN,120,W
WAS,112,L
NOP,133,W
DET,106,L
DAL,114,L
TOR,107,L
LAC,130,W
PHI,106,W
UTA,102,L
OKC,103,W
CHA,118,W
NYK,100,L
POR,122,W
MEM,114,L
BOS,89,L
MIL,113,L
IND,107,L
ATL,131,W
DET,109,L
SAS,131,W
OKC,116,W
NYK,111,W
MEM,110,L
SAC,103,L
MIN,117,W
PHI,91,L
PHX,114,W
CHA,117,W
CHI,108,L
LAL,110,W
MIA,124,W
NOP,101,L
DAL,90,L
CLE,113,W
WAS,109,L
TOR,95,L
BKN,98,L
ORL,126,W
MIL,81,L
GSW,101,L
LAC,114,W
DEN,128,W
HOU,123,W
UTA,125,L
WAS,118,L
BOS,108,W
BOS,114,W
CHI,120,W
MEM,125,W
LAL,128,W
IND,106,L
DET,106,W
SAC,104,L
ATL,135,W
MIL,97,L
NOP,117,L
SAS,89,L
BKN,102,L
MIN,117,W
PHI,98,L
DAL,87,L
NYK,114,W
CLE,106,W
OKC,100,W
POR,101,L
DEN,108,L
LAC,137,W
ORL,92,L
CHA,109,W
UTA,105,L
HOU,105,L
GSW,101,L
TOR,134,W
NOP,115,W
POR,93,L
LAL,129,W
WAS,125,L
MIA,115,W
DEN,121,L
MIL,98,L
DAL,105,L
NYK,127,W
OKC,127,W
DET,122,W
BKN,111,L
BOS,148,W
CLE,119,L
MEM,124,W
POR,121,W
MIA,117,L
SAC,130,W
ATL,126,W
HOU,113,W
NOP,129,W
UTA,118,L
BKN,110,L
IND,109,L
ORL,108,L
SAS,126,W
CHA,133,W
MIN,94,W
PHI,124,W
LAL,110,L
WAS,96,L
DAL,121,L
CHI,112,L
PHX,113,W
LAC,88,L
CLE,116,L
TOR,107,L
GSW,133,W
DET,124,W
MEM,112,L
MIL,118,W
SAC,97,L
DEN,103,W
BOS,84,L
OKC,116,L
HOU,128,W
SAS,110,W
GSW,109,L
MIN,124,W
NOP,113,W
NYK,94,L
PHI,135,W
OKC,116,W
ORL,110,W
PHX,81,L
IND,114,L
CHA,131,W
TOR,107,L
MIA,117,L
MIL,128,W
LAL,109,L
POR,121,L
BOS,97,W
BKN,114,L
CHI,99,L
CLE,109,W
DAL,123,W
ATL,119,W
WAS,98,L
SAS,114,W
DET,103,L
MEM,114,L
HOU,125,W
UTA,105,L
SAC,123,W
LAL,89,L
DAL,134,W
MIL,94,L
OKC,121,W
POR,92,W
IND,130,L
CHA,129,W
BKN,104,L
PHI,135,W
NYK,105,W
ORL,111,W
DEN,117,L
ATL,115,W
BOS,111,W
PHX,77,L
WAS,112,L
CLE,113,L
GSW,128,W
LAC,109,L
TOR,122,W
MIN,108,L
CHI,99,L
SAS,139,W
NYK,108,W
DET,126,W
HOU,106,L
NOP,126,W
MEM,120,L
MIA,136,W
CHI,110,L
SAC,122,L
PHI,111,L
PHX,113,W
ORL,110,L
CLE,118,W
MIA,128,W
MIN,122,W
IND,118,L
LAL,125,W
NOP,118,L
MEM,123,W
WAS,131,W
CHA,113,L
DEN,157,W
MIL,139,W
OKC,105,W
POR,103,L
UTA,114,L
DAL,111,L
ATL,97,L
LAC,122,L
BKN,86,L
SAC,94,L
SAS,121,W
NYK,111,L
WAS,112,W
PHI,107,L
BKN,84,L
ORL,131,W
GSW,110,L
IND,105,L
PHX,94,L
CHA,101,L
DET,126,W
LAC,115,W
CHI,101,L
BOS,121,W
HOU,105,W
TOR,110,W
CLE,112,W
ATL,117,W
DEN,114,L
MIL,110,W
LAL,124,W
UTA,119,L
POR,135,W
OKC,93,L
DAL,104,L
NOP,111,L
CLE,138,W
PHI,89,L
CHI,105,L
SAC,93,L
MIA,123,W
DEN,122,W
SAS,126,W
OKC,136,W
ATL,107,L
BKN,110,L
TOR,95,L
BOS,124,W
HOU,102,L
NYK,138,W
CHA,110,W
ORL,108,L
GSW,113,L
IND,115,W
LAC,105,W
WAS,113,L
PHX,109,L
MEM,116,L
DET,113,W
MIL,116,W
UTA,121,W
MIN,133,W
POR,109,L
PHX,120,W
DAL,111,L
LAL,108,L
HOU,102,W
IND,137,W
SAS,136,W
NYK,134,L
LAC,95,L
NOP,120,W
LAL,110,L
PHI,118,L
MIA,111,L
MIL,99,L
DEN,117,L
POR,135,W
MIN,138,W
ORL,118,W
GSW,114,W
CLE,119,W
CHI,115,L
UTA,115,W
MEM,113,L
OKC,119,W
BKN,123,W
CHA,104,L
ATL,116,L
DET,110,W
SAC,94,L
NYK,111,W
MIA,132,W
TOR,122,W
LAC,115,W
IND,104,L
WAS,101,L
MIN,96,L
BOS,89,L
PHX,103,L
MEM,115,L
CHI,120,L
DAL,125,L
HOU,112,W
SAC,126,L
UTA,117,L
CLE,132,W
LAL,105,W
WAS,113,L
SAS,138,W
ORL,120,W
GSW,99,L
DEN,136,W
CHA,126,W
BKN,127,W
POR,122,W
ATL,119,L
OKC,106,L
PHI,109,W
BOS,98,W
NOP,119,W
DET,118,W
MIA,96,L
LAC,114,W
MEM,115,L
NYK,80,L
POR,135,W
SAC,111,L
MIN,115,L
IND,99,L
MIL,105,W
ATL,121,W
PHI,115,L
CHI,107,L
SAS,135,W
CHA,109,W
HOU,99,L
ORL,118,W
UTA,119,L
BKN,98,L
DAL,123,L
TOR,123,W
LAL,119,W
DET,117,L
PHX,97,L
WAS,126,W
GSW,101,W
SAC,125,L
CLE,124,W
NYK,134,W
MIL,141,W
TOR,126,L
NOP,137,L
BOS,114,W
MIN,128,W
LAC,91,L
DEN,127,L
OKC,106,L
SAS,116,W
MEM,129,W
HOU,93,L
PHX,130,W
POR,125,L
WAS,101,L
BKN,109,L
CHI,115,L
NYK,132,W
IND,122,L
DAL,100,L
MIA,115,L
ATL,127,W
UTA,131,W
BOS,110,W
DET,124,W
GSW,94,L
ORL,92,L
PHI,113,W
DEN,121,L
MIL,131,W
OKC,128,W
LAL,125,W
IND,114,L
MIN,128,L
LAC,113,L
HOU,118,W
NOP,95,L
PHI,128,W
CHA,102,W
MEM,137,W
PHX,93,L
MIL,79,L
OKC,121,W
SAS,112,W
BKN,77,L
POR,111,L
DET,130,W
LAC,117,W
TOR,107,W
ORL,103,L
MIA,134,W
DEN,111,L
BOS,107,W
SAC,112,L
UTA,100,L
CLE,130,W
NYK,112,W
LAL,100,L
WAS,116,W
CHI,91,L
PHI,124,W
CHA,111,W
IND,129,W
ATL,124,L
CHI,125,W
DAL,107,L
NOP,114,L
SAS,106,L
MIA,118,L
MEM,114,L
MIN,131,W
HOU,111,W
MEM,106,L
BKN,109,W
PHX,126,W
UTA,99,L
ORL,130,W
NYK,127,W
DET,131,W
DEN,122,W
LAL,142,W
NOP,114,W
CLE,113,L
BOS,112,W
POR,97,L
SAC,93,L
WAS,111,L
GSW,124,L
TOR,120,L
LAC,109,L
WAS,109,W
PHX,114,W
HOU,104,W
CHA,123,W
DET,96,L
DAL,121,L
BKN,103,L
MIL,99,L
MIN,123,W
SAC,111,L
DEN,107,W
CHI,113,L
ATL,86,L
OKC,111,L
PHI,113,W
MIA,116,W
IND,113,W
SAS,111,W
GSW,140,W
MIN,118,W
TOR,92,L
NYK,119,W
ORL,133,W
CHI,110,L
CHA,112,W
ATL,117,W
MEM,97,L
BOS,106,L
CLE,129,W
MIA,124,L
HOU,99,L
DAL,105,L
LAL,99,L
UTA,124,L
PHX,106,W
SAC,87,L
DET,109,W
OKC,104,W
MIL,122,L
DEN,107,L
NYK,103,W
WAS,115,W
BKN,102,L
NOP,95,L
LAC,115,W
POR,111,L
UTA,103,L
PHI,139,W
CLE,114,W
GSW,83,L
POR,94,L
ATL,132,W
MEM,99,L
PHI,93,L
CHI,118,L
IND,116,L
BOS,102,W
HOU,108,W
MIN,108,W
CHA,130,W
ORL,98,L
LAL,129,W
GSW,111,W
TOR,103,W
MIN,85,L
PHX,102,L
SAC,116,L
OKC,101,L
NOP,104,W
SAS,95,L
DET,139,W
MIA,111,W
BKN,89,L
LAC,126,W
DAL,110,L
WAS,115,L
BOS,111,L
NYK,112,W
CLE,119,W
MIA,147,W
CHI,114,W
LAL,116,W
ORL,105,L
CHA,119,W
UTA,116,L
PHI,109,L
MEM,127,L
BKN,126,L
TOR,110,W
SAC,118,L
ATL,110,W
OKC,114,L
HOU,111,W
DEN,102,W
MIL,100,L
IND,117,W
NOP,133,W
POR,98,L
PHX,103,L
DET,104,L
CLE,123,W
BOS,130,W
ORL,97,L
SAS,126,W
DEN,107,W
CHI,120,W
MIN,115,L
CHA,124,W
DAL,123,W
HOU,122,L
POR,127,W
LAC,112,W
GSW,115,L
MIA,110,L
UTA,109,L
LAL,104,L
PHI,128,W
WAS,97,L
CHA,87,L
DET,112,W
IND,104,L
BOS,119,W
CLE,94,W
BKN,66,L
OKC,122,W
MEM,122,L
NOP,104,L
SAC,109,L
MIL,102,L
TOR,122,W
ATL,124,W
NYK,120,W
GSW,127,L
PHX,116,W
PHI,110,L
MIA,130,W
MIN,122,L
SAC,117,L
LAC,110,L
DEN,107,L
LAL,115,W
CHI,138,W
TOR,145,W
SAS,106,L
HOU,111,W
UTA,127,W
OKC,136,W
LAC,110,W
GSW,135,W
NYK,97,L
CLE,104,L
ATL,110,L
MIL,112,W
BKN,117,L
MIA,112,L
UTA,110,L
SAS,123,W
DAL,114,W
PHX,126,W
IND,104,L
DET,104,W
WAS,106,L
PHI,113,W
BOS,103,L
HOU,119,W
BKN,102,L
TOR,93,L
DEN,87,L
CHI,124,W
LAL,110,W
ORL,109,L
SAC,110,L
CHA,110,W
POR,117,W
MEM,126,W
NOP,110,L
DEN,121,W
NYK,99,L
MIN,123,L
DAL,138,W
BOS,132,W
ATL,106,L
PHX,106,W
POR,132,W
IND,78,L
CHA,116,L
DET,121,W
UTA,120,L
WAS,115,L
GSW,136,W
MIA,122,W
OKC,120,L
SAS,126,W
LAL,116,L
SAC,128,W
NOP,119,L
LAC,121,W
TOR,117,L
CLE,117,W
MIN,105,L
PHI,115,L
IND,127,W
CHI,109,L
BKN,112,W
HOU,110,W
WAS,115,L
DAL,144,W
BOS,119,W
DET,108,W
NYK,113,L
CHA,135,W
MIL,101,L
OKC,111,W
SAS,119,W
LAL,117,L
ATL,101,L
HOU,91,L
POR,117,W
ORL,118,W
MIA,114,L
GSW,126,W
PHX,105,L
UTA,122,L
MEM,111,L
WAS,105,L
LAC,119,W
DEN,118,W
NOP,116,W
SAC,112,W
IND,101,L
TOR,115,W
CHI,128,W
DAL,109,L
NYK,101,L
UTA,126,L
CLE,133,W
BKN,113,L
PHI,107,L
LAL,141,W
DEN,122,W
NOP,116,L
MIL,106,L
ATL,116,L
MIA,127,W
HOU,119,W
GSW,119,W
OKC,119,W
MIN,139,W
CHI,113,L
PHX,121,L
POR,97,L
SAS,98,L
BKN,105,L
DAL,113,W
TOR,102,L
SAC,124,W
CHA,109,L
LAC,117,W
PHI,115,W
UTA,123,W
IND,98,W
CLE,112,L
BOS,96,L
LAL,112,L
DEN,108,W
MIN,104,W
OKC,124,W
TOR,116,W
MEM,103,W
WAS,93,L
PHX,112,W
GSW,111,L
SAS,103,L
HOU,98,L
BKN,98,L
MIA,112,L
MIL,104,L
ORL,128,W
SAC,111,W
NYK,123,W
PHI,115,L
NOP,118,L
ATL,124,W
POR,114,L
CLE,146,W
BOS,95,L
MIA,99,L
DAL,107,L
UTA,95,L
MIN,134,L
DET,92,L
CHA,150,W
IND,123,W
LAC,98,W
CHI,125,W
SAS,100,W
PHX,112,W
TOR,117,L
OKC,117,W
NOP,128,W
WAS,107,L
MEM,116,L
BKN,105,L
ATL,110,W
BOS,125,W
ORL,91,L
MIL,105,W
NYK,107,L
DEN,87,L
HOU,105,L
SAC,103,L
GSW,137,W
PHI,103,W
POR,111,W
LAL,101,L
LAC,121,W
UTA,116,W
IND,114,W
CLE,122,L
DAL,114,L
CHA,112,L
MIN,131,W
NYK,123,W
HOU,102,L
MIL,113,L
CHI,93,L
LAL,91,L
OKC,129,W
NOP,100,L
POR,103,W
ATL,117,W
UTA,125,L
GSW,120,W
ORL,104,W
LAC,111,L
WAS,110,L
TOR,97,W
DEN,114,W
SAS,107,W
PHX,117,W
DET,108,W
BOS,110,L
BKN,103,L
MEM,98,L
PHI,131,W
CHA,96,L
WAS,120,W
LAL,111,W
ORL,112,L
IND,116,L
MIN,122,W
SAS,105,L
DAL,100,W
MIA,94,L
SAC,98,L
MEM,106,W
NOP,103,L
CLE,120,W
CHI,101,L
HOU,100,W
CHA,124,W
NYK,90,L
ATL,100,L
LAC,103,W
DET,121,W
GSW,102,L
OKC,97,L
TOR,118,W
POR,137,W
DEN,125,W
BOS,115,W
PHX,97,L
UTA,117,L
PHI,124,L
MIL,115,W
MIN,141,W
OKC,105,L
IND,127,L
MEM,114,L
DET,114,W
WAS,115,L
DEN,115,L
BKN,127,W
ORL,135,W
NOP,106,L
MIA,125,W
CLE,110,L
PHX,108,W
SAC,98,L
LAL,120,W
NYK,119,L
LAC,115,L
CHA,112,W
BOS,146,W
ATL,117,L
DAL,110,W
UTA,114,L
SAS,110,L
PHI,130,W
MIN,125,W
CHI,99,L
TOR,134,W
POR,115,W
GSW,123,W
MIA,115,L
HOU,104,L
CHI,121,W
MEM,121,L
SAC,102,L
OKC,131,W
IND,113,L
MIL,122,W
CLE,113,W
LAL,128,W
DEN,108,L
NYK,99,L
POR,122,W
WAS,119,W
ORL,114,L
BKN,99,L
ATL,111,W
GSW,94,L
CHA,121,L
NOP,109,L
PHX,129,W
SAS,123,W
BOS,120,W
DET,112,L
HOU,120,W
MIA,118,W
LAC,118,W
UTA,101,L
DAL,108,L
PHI,123,W
BKN,96,L
SAC,106,L
ORL,112,W
OKC,124,W
DEN,106,W
WAS,114,W
SAS,134,W
MIN,102,L
NOP,118,L
GSW,132,W
CHA,125,L
NYK,132,L
POR,95,L
MIL,113,L
IND,110,L
TOR,103,L
PHX,113,L
CLE,129,W
ATL,126,W
CHI,134,W
UTA,119,L
LAL,106,L
DET,128,W
PHI,139,W
SAC,90,L
MEM,136,L
BOS,129,W
LAC,131,W
GSW,120,W
ATL,129,L
MIN,136,W
NOP,125,L
POR,125,W
TOR,107,W
PHX,115,W
WAS,101,L
HOU,126,W
BKN,107,L
NYK,130,W
SAS,101,L
CHI,101,L
MIA,147,W
OKC,140,W
ORL,106,L
DAL,122,L
CHA,113,L
DEN,123,L
IND,119,L
MIL,123,W
CLE,113,W
DET,99,L
MEM,112,L
WAS,116,W
GSW,127,L
BOS,108,L
POR,114,W
LAC,112,W
SAC,101,L
PHI,104,L
TOR,141,W
LAL,125,W
OKC,129,W
PHX,123,W
SAS,114,L
ORL,127,W
MIN,107,L
MIL,112,W
BKN,123,W
ATL,125,L
MIA,142,W
NOP,114,L
NYK,128,W
IND,116,L
CHI,103,L
CLE,100,L
HOU,117,W
DEN,126,L
SAC,113,W
DAL,107,L
UTA,127,W
LAC,119,W
MIL,104,L
POR,103,L
BOS,140,W
ORL,105,L
CHI,109,W
DET,129,L
ATL,111,L
PHI,102,L
TOR,117,L
NOP,108,L
CHA,120,W
WAS,138,W
IND,122,L
PHX,115,W
MEM,125,W
MIA,126,W
UTA,131,W
GSW,126,W
OKC,102,L
MIN,138,L
SAS,117,W
HOU,119,W
NYK,126,W
LAL,96,L
DAL,116,L
CLE,124,L
DEN,142,W
ORL,110,W
BKN,114,W
DET,136,W
DAL,131,W
UTA,128,L
SAC,127,L
POR,106,L
MIA,91,L
MEM,137,W
CHI,126,W
NOP,118,L
LAC,128,W
PHX,132,W
IND,94,L
ATL,123,L
CLE,141,W
HOU,108,L
NYK,104,L
WAS,109,L
MIL,111,W
LAL,108,L
TOR,112,W
DEN,130,L
SAS,130,W
PHI,106,L
MIN,115,W
CHA,126,W
OKC,110,L
DEN,135,W
IND,95,L
GSW,120,W
ORL,97,L
OKC,119,W
BOS,103,W
UTA,112,L
MEM,103,L
NOP,119,W
DET,110,W
DAL,113,L
CLE,139,W
CHA,132,L
POR,102,L
BKN,96,W
MIL,100,L
NYK,132,W
MIA,125,L
TOR,81,L
WAS,113,L
SAC,125,W
MIN,103,W
HOU,124,L
CHI,152,W
SAS,124,W
ATL,150,L
DET,112,W
PHI,121,W
NOP,128,W
WAS,130,W
IND,109,L
POR,98,W
TOR,96,L
HOU,115,W
UTA,127,L
DAL,114,L
SAC,93,L
BOS,112,W
ORL,128,W
MEM,122,L
LAC,103,W
LAL,88,L
CHA,86,L
GSW,119,W
DEN,101,L
PHX,116,L
MIN,112,W
ATL,98,L
SAS,126,W
OKC,107,L
CHI,136,W
MIA,116,L
BOS,129,W
PHI,116,W
NYK,107,L
CLE,125,L
PHX,99,W
NOP,133,W
NYK,114,W
MIA,106,W
IND,113,L
UTA,135,L
BKN,95,L
ORL,115,L
HOU,128,L
GSW,98,L
DET,114,L
DEN,126,W
WAS,94,L
DAL,116,W
POR,134,W
SAS,119,W
CHA,133,W
MIL,105,L
LAL,143,W
OKC,122,W
LAC,101,L
TOR,111,W
ATL,126,L
SAC,133,L
MIN,110,L
CLE,111,L
CHI,127,W
MEM,116,W
UTA,140,W
HOU,125,L
MEM,121,W
BOS,105,L
TOR,106,W
DEN,128,W
LAC,103,L
DET,112,W
DAL,133,L
MIA,96,L
CHA,119,W
BKN,127,W
SAC,103,L
LAL,116,W
MIN,117,W
MIL,82,L
CLE,111,L
POR,136,W
PHX,114,L
ATL,120,W
PHI,117,L
WAS,108,W
NOP,114,W
IND,89,L
CHI,104,L
GSW,131,L
ORL,120,L
NYK,132,W
OKC,109,L
SAS,111,W
MIN,127,W
CLE,130,W
UTA,130,W
MEM,126,L
PHI,115,W
ATL,115,L
WAS,126,L
CHA,126,L
CHI,129,W
BKN,111,L
DET,142,W
DAL,119,W
GSW,120,L
IND,105,L
SAC,105,L
LAC,113,L
NOP,143,W
HOU,115,W
POR,120,L
BOS,101,L
MIL,116,W
DEN,136,W
SAS,132,W
LAL,119,L
OKC,138,W
PHX,89,L
TOR,101,L
MIA,108,L
ORL,117,W
NYK,117,W
NOP,132,L
MIN,105,L
SAS,135,W
SAC,105,L
PHX,108,W
IND,116,W
MEM,119,W
OKC,131,W
NYK,106,W
BOS,121,W
CHI,91,L
ORL,100,L
UTA,101,L
CHA,106,L
DEN,115,W
GSW,123,W
TOR,113,L
LAL,112,W
POR,96,L
PHI,108,L
DET,124,W
ATL,131,W
HOU,109,L
GSW,99,W
MIN,109,W
WAS,116,L
MIL,112,L
NOP,101,L
BKN,119,W
MIA,111,L
LAC,106,L
CLE,94,L
DAL,122,W
SAC,127,W
DET,122,W
MIL,101,L
HOU,117,W
DEN,134,W
LAL,105,L
SAS,117,L
UTA,112,L
POR,116,L
CHI,105,L
DAL,111,L
MEM,107,W
LAC,98,L
TOR,86,L
MIA,105,L
OKC,132,W
BOS,126,W
CHA,111,W
ORL,106,W
PHX,98,L
ATL,133,L
IND,120,W
PHI,116,W
CLE,130,W
NYK,146,W
BKN,110,L
BOS,146,W
GSW,98,L
WAS,101,L
UTA,123,W
LAL,123,W
MIN,125,W
TOR,120,L
NOP,116,L
PHI,99,W
CHA,104,L
SAS,114,W
SAC,95,L
CHI,103,L
BKN,113,W
CLE,110,L
ORL,112,L
HOU,121,W
DAL,118,W
NYK,119,W
POR,122,W
MIA,108,L
DET,109,L
MIL,113,W
LAC,115,W
DEN,135,W
IND,120,L
ATL,92,L
POR,118,L
WAS,102,L
GSW,112,L
BOS,123,W
NOP,142,L
OKC,124,W
NYK,117,L
PHI,121,W
TOR,121,W
MEM,119,L
MIN,149,W
SAS,126,W
MIL,126,L
LAL,108,L
ATL,98,L
ORL,125,W
LAC,123,L
MIA,140,W
CLE,135,W
CHA,103,L
HOU,125,L
BKN,116,W
UTA,133,W
PHX,125,W
IND,119,L
CHI,120,L
DAL,131,W
DET,99,W
WAS,129,W
DEN,121,L
ATL,142,W
NYK,116,W
UTA,101,L
SAC,107,L
BOS,117,W
OKC,123,W
NOP,121,L
POR,115,L
HOU,129,W
MIN,125,W
MEM,115,W
CLE,115,L
SAS,112,L
PHI,134,L
LAL,133,W
TOR,94,L
DAL,114,W
CHA,118,W
MIA,135,L
IND,103,W
PHX,112,L
TOR,111,L
BOS,115,L
GSW,104,W
CHI,101,L
LAC,110,L
NOP,96,L
DET,138,W
BKN,99,L
MIL,116,W
MIN,119,W
DEN,130,W
DEN,136,L
LAC,107,L
IND,119,W
NYK,118,W
MIL,109,L
ORL,112,W
UTA,128,W
CHA,123,W
SAC,119,L
BKN,103,L
CLE,123,L
OKC,123,W
WAS,86,L
MEM,112,W
PHI,115,W
PHX,119,L
CHI,116,L
LAL,129,W
SAS,139,W
ATL,130,W
DET,109,L
DAL,119,L
OKC,113,W
HOU,104,W
TOR,97,W
MIA,106,W
GSW,100,L
MIN,105,L
SAS,115,W
NYK,129,W
IND,95,L
MIL,103,L
NOP,128,L
SAC,100,L
MEM,133,W
BOS,117,W
DET,114,L
POR,102,L
PHX,112,W
CHA,101,L
PHI,103,L
ATL,113,L
LAL,135,W
ORL,144,W
WAS,132,W
LAC,118,L
NOP,143,W
PHX,92,L
DEN,125,W
MIL,103,L
HOU,114,W
BKN,100,L
DET,122,W
POR,115,W
SAC,117,W
GSW,134,W
MEM,115,L
UTA,117,L
CLE,99,L
MIA,106,W
DAL,102,L
CHI,130,L
IND,117,L
MIN,112,L
TOR,110,W
NYK,113,W
CLE,120,W
BKN,109,L
PHX,111,W
BOS,138,W
UTA,106,L
LAL,108,W
TOR,119,W
MIA,127,W
SAS,102,L
LAC,105,L
ORL,129,L
PHI,117,L
ATL,113,W
POR,95,L
OKC,122,W
CHA,110,L
DAL,96,L
SAC,128,W
MEM,102,W
WAS,120,L
MIL,116,L
DET,129,W
DEN,123,L
CHA,116,L
NYK,121,L
NOP,98,L
LAC,131,W
ATL,115,W
CHI,121,W
ORL,133,W
POR,127,W
CHI,107,L
WAS,110,L
GSW,123,L
UTA,112,L
TOR,140,W
MIN,113,L
CLE,120,W
NOP,115,L
BKN,113,W
DEN,112,W
DAL,118,W
MIA,143,W
PHX,114,W
HOU,109,L
OKC,144,W
IND,109,L
BOS,105,L
PHI,123,W
SAS,135,W
LAC,101,L
SAC,96,L
MEM,137,W
ATL,126,L
ORL,129,W
MIL,114,L
POR,121,L
GSW,96,L
CLE,104,L
MIA,110,W
PHI,112,L
NOP,118,L
TOR,121,W
NYK,113,W
MIN,120,W
IND,127,W
DAL,111,L
SAC,99,L
DEN,125,W
WAS,109,L
OKC,113,W
CHA,118,L
HOU,114,W
CHI,122,W
SAS,111,W
BOS,113,W
ATL,112,L
ORL,121,W
UTA,126,L
DET,120,W
PHX,127,W
BKN,99,L
LAL,140,W
MEM,101,L
POR,110,L
GSW,113,L
OKC,126,W
MIA,115,W
NYK,113,L
TOR,110,W
CHA,108,L
CLE,118,W
NOP,109,L
MIL,106,L
DAL,96,L
CHI,130,W
IND,112,L
LAC,108,L
DET,127,W
PHI,110,W
MIN,120,W
DEN,127,L
ATL,124,W
ORL,113,L
PHX,122,L
SAC,110,L
UTA,150,W
NOP,106,L
POR,133,L
WAS,106,L
GSW,124,W
LAC,118,L
SAS,123,W
HOU,117,W
CHI,147,L
BOS,121,W
DAL,138,W
BKN,129,W
MIL,95,L
OKC,109,W
LAL,119,W
MIN,112,L
CHA,96,L
IND,111,L
DEN,123,W
MEM,100,L
CLE,108,W
TOR,129,W
HOU,140,W
SAC,110,L
MIL,147,W
SAS,108,L
PHI,105,L
NOP,104,L
CHA,134,L
POR,116,L
NYK,140,W
LAC,133,W
MIN,124,W
ORL,105,W
DAL,127,L
GSW,109,W
DET,114,W
BKN,98,L
LAL,118,W
MIA,132,L
CLE,113,L
TOR,126,W
PHX,133,W
ATL,132,W
UTA,122,L
IND,98,L
HOU,135,W
NOP,117,L
ORL,124,W
NYK,107,L
CHI,113,L
DEN,130,W
GSW,125,W
MIA,116,L
PHX,123,W
CLE,130,W
LAC,116,L
SAC,100,L
DAL,114,L
LAL,92,L
DET,124,W
MEM,95,L
SAS,120,L
MIL,100,L
ATL,133,W
CHA,111,W
OKC,121,W
BOS,131,W
POR,125,W
WAS,112,L
TOR,119,W
IND,128,L
BOS,100,L
BKN,109,L
SAC,108,L
PHI,102,W
NYK,133,W
UTA,152,W
DEN,122,W
OKC,126,W
MEM,120,L
GSW,102,L
MIN,120,W
CLE,138,L
UTA,113,L
MIA,140,W
LAC,102,L
DET,137,W
NOP,98,L
MIL,116,W
SAS,121,W
CHA,111,L
ORL,115,W
LAL,121,W
WAS,135,L
ATL,105,W
CHI,117,L
PHX,121,W
POR,112,L
DAL,114,L
OKC,114,W
PHI,108,L
MIN,144,W
IND,83,L
HOU,122,W
NYK,134,W
GSW,114,W
MEM,100,L
BOS,111,W
MIL,115,L
DET,111,W
ORL,107,L
SAC,117,L
BKN,98,L
CHI,122,L
CLE,128,W
LAL,102,L
TOR,120,L
NOP,119,L
DEN,117,W
LAC,103,L
SAS,126,W
POR,131,L
WAS,105,L
DAL,111,W
PHI,130,W
PHX,114,W
ATL,122,W
IND,100,L
MIA,136,W
ATL,97,L
BOS,110,L
BKN,107,L
MIL,126,W
TOR,109,W
CLE,148,W
MEM,118,W
DAL,104,L
ORL,123,W
DET,125,W
UTA,97,L
SAC,101,L
CHA,108,L
DEN,129,W
MIN,137,W
GSW,104,L
CHI,110,L
WAS,115,L
MIA,126,W
HOU,110,L
OKC,132,W
SAS,121,W
PHX,115,W
LAC,102,L
CLE,132,W
MIA,112,L
DAL,99,L
SAS,116,L
HOU,124,W
WAS,107,L
LAL,118,W
IND,103,L
MIN,114,L
DET,114,W
GSW,116,L
UTA,103,L
BKN,112,W
SAC,121,W
MEM,109,L
OKC,119,L
DEN,122,W
POR,121,W
BOS,136,W
NOP,101,W
NYK,137,W
PHI,121,L
LAC,107,L
ORL,112,L
OKC,126,W
GSW,118,W
NOP,116,W
PHI,111,L
ATL,127,W
CHA,112,L
MIL,100,L
CHI,113,W
TOR,128,W
PHX,107,L
IND,115,L
MIA,120,W
HOU,110,W
LAL,123,W
DAL,102,L
DEN,130,W
WAS,102,L
MIL,117,W
MEM,106,L
NYK,119,W
POR,115,L
SAC,124,L
MIN,125,W
DET,114,W
UTA,105,W
LAC,119,L
BKN,109,L
BOS,103,L
CHA,126,W
PHX,130,W
MIA,120,L
TOR,117,W
NYK,128,W
LAL,130,W
OKC,137,W
CHI,116,L
NOP,106,L
UTA,103,L
BKN,105,L
PHI,129,W
SAS,118,L
ATL,109,L
MEM,104,L
CLE,117,W
WAS,94,L
DET,122,W
CHA,105,L
BOS,101,L
SAC,135,W
ORL,125,W
HOU,128,W
DAL,110,L
GSW,109,L
MIN,122,W
IND,114,W
MIL,133,L
UTA,96,L
CLE,101,L
MEM,112,L
IND,108,L
LAC,126,W
CHI,135,W
LAL,117,W
NOP,124,L
NYK,125,L
POR,109,W
ATL,128,W
PHI,108,L
BOS,109,W
TOR,112,W
DEN,107,L
PHX,118,W
GSW,110,L
WAS,108,L
OKC,127,W
ORL,123,W
MIL,120,W
CHA,107,L
SAS,107,W
MIA,101,L
UTA,134,L
MEM,114,W
ATL,117,W
POR,136,W
ORL,116,L
BKN,112,L
NOP,88,L
MIN,115,L
HOU,139,W
BOS,125,W
LAL,116,W
DEN,122,W
CHI,126,W
SAC,113,L
PHX,113,L
CLE,105,L
DAL,107,W
IND,105,L
TOR,121,L
DET,135,W
PHI,139,W
MIL,121,W
OKC,107,W
GSW,98,W
WAS,134,L
CHA,117,L
SAC,101,L
LAC,79,L
NYK,111,L
MIA,144,W
DET,95,L
ORL,124,L
BOS,122,W
SAS,121,W
BKN,109,L
HOU,137,W
MEM,118,L
UTA,138,W
GSW,131,W
OKC,101,W
CHI,128,W
POR,122,W
DAL,94,L
TOR,103,L
NOP,90,L
ATL,123,L
PHX,134,L
PHI,136,W
CLE,116,W
MIN,114,L
LAL,108,L
DEN,127,W
MIN,114,W
MIA,115,W
SAS,118,W
BKN,107,L
SAC,120,L
TOR,129,L
MIL,113,L
IND,110,L
WAS,113,L
POR,107,L
CLE,118,W
LAC,114,W
LAL,127,W
DET,119,W
NYK,107,L
CHA,139,W
BOS,113,L
DAL,139,W
PHX,111,L
MEM,128,W
OKC,117,W
CHI,110,W
ATL,100,L
ORL,98,L
DEN,133,W
IND,103,L
CHA,121,L
PHI,125,W
HOU,111,L
MIL,122,W
DAL,107,L
LAL,128,W
ORL,107,L
SAC,105,W
NYK,105,W
DET,115,W
LAC,129,W
WAS,117,W
MIN,110,L
GSW,119,L
MEM,114,L
BOS,95,L
CLE,131,W
SAS,120,W
ATL,111,W
POR,139,W
TOR,116,L
NOP,116,L
PHX,102,L
UTA,104,L
MIA,146,W
BKN,124,L
GSW,137,W
DEN,131,L
OKC,141,W
IND,135,L
BOS,116,L
CHA,136,W
POR,114,L
CLE,111,L
NYK,119,W
CHI,115,W
MIN,118,W
TOR,138,W
PHI,117,W
SAC,116,L
MIL,133,W
DAL,92,L
NOP,122,L
MEM,128,W
UTA,129,W
ORL,125,W
LAC,108,L
WAS,120,L
SAS,125,W
PHX,120,W
DET,111,L
ATL,118,L
BKN,117,L
MIA,121,L
LAL,109,L
HOU,124,L
OKC,125,W
GSW,119,W
